[
  {
    "이름": "강경미",
    "지역": "구미",
    "직분": "장로",
    "부서": "여전도회"
  },
  {
    "이름": "강경숙",
    "지역": "구미",
    "직분": "권사",
    "부서": "여전도회"
  },
  {
    "이름": "강미향",
    "지역": "구미",
    "직분": "권사",
    "부서": "여전도회"
  },
  {
    "이름": "강정임",
    "지역": "구미",
    "직분": "권사",
    "부서": "여전도회"
  },
  {
    "이름": "강현이",
    "지역": "서울",
    "직분": "권사",
    "부서": "여전도회"
  },
  {
    "이름": "강현주",
    "지역": "서울",
    "직분": "장로",
    "부서": "여전도회"
  },
  {
    "이름": "고부혁",
    "지역": "구미",
    "직분": "집사",
    "부서": "남전도회"
  },
  {
    "이름": "고승희",
    "지역": "구미",
    "직분": "성도",
    "부서": "청년회"
  },
  {
    "이름": "고유진",
    "지역": "구미",
    "직분": "권찰",
    "부서": "여전도회"
  },
  {
    "이름": "고은진",
    "지역": "구미",
    "직분": "성도",
    "부서": "청년회"
  },
  {
    "이름": "고의현",
    "지역": "구미",
    "직분": "성도",
    "부서": "유초등부"
  },
  {
    "이름": "고인식",
    "지역": "구미",
    "직분": "서리집사",
    "부서": "남전도회"
  },
  {
    "이름": "고준현",
    "지역": "구미",
    "직분": "성도",
    "부서": "대학부"
  },
  {
    "이름": "곽연희",
    "지역": "구미",
    "직분": "권사",
    "부서": "여전도회"
  },
  {
    "이름": "구영웅",
    "지역": "구미",
    "직분": "성도",
    "부서": "청년회"
  },
  {
    "이름": "권경미",
    "지역": "구미",
    "직분": "권사",
    "부서": "여전도회"
  },
  {
    "이름": "권다윤",
    "지역": "구미",
    "직분": "성도",
    "부서": "유치부"
  },
  {
    "이름": "권라윤",
    "지역": "구미",
    "직분": "성도",
    "부서": "중고등부"
  },
  {
    "이름": "권소형",
    "지역": "구미",
    "직분": "권사",
    "부서": "여전도회"
  },
  {
    "이름": "권승윤",
    "지역": "구미",
    "직분": "성도",
    "부서": "유초등부"
  },
  {
    "이름": "권언정",
    "지역": "서울",
    "직분": "장로",
    "부서": "여전도회"
  },
  {
    "이름": "권잠수",
    "지역": "구미",
    "직분": "권사",
    "부서": "여전도회"
  },
  {
    "이름": "권진영",
    "지역": "구미",
    "직분": "성도",
    "부서": "청년회"
  },
  {
    "이름": "권진은",
    "지역": "구미",
    "직분": "서리집사",
    "부서": "여전도회"
  },
  {
    "이름": "권채윤",
    "지역": "구미",
    "직분": "성도",
    "부서": "유초등부"
  },
  {
    "이름": "권혁숙",
    "지역": "구미",
    "직분": "장로",
    "부서": "여전도회"
  },
  {
    "이름": "기하은",
    "지역": "서울",
    "직분": "성도",
    "부서": "청년회"
  },
  {
    "이름": "길원홍",
    "지역": "구미",
    "직분": "서리집사",
    "부서": "남전도회"
  },
  {
    "이름": "김결",
    "지역": "서울",
    "직분": "성도",
    "부서": "유초등부"
  },
  {
    "이름": "김경숙",
    "지역": "구미",
    "직분": "권사",
    "부서": "여전도회"
  },
  {
    "이름": "김경은",
    "지역": "서울",
    "직분": "성도",
    "부서": "대학부"
  },
  {
    "이름": "김경훈",
    "지역": "서울",
    "직분": "집사",
    "부서": "남전도회"
  },
  {
    "이름": "김경희",
    "지역": "구미",
    "직분": "권사",
    "부서": "여전도회"
  },
  {
    "이름": "김금수",
    "지역": "서울",
    "직분": "장로",
    "부서": "여전도회"
  },
  {
    "이름": "김기정",
    "지역": "구미",
    "직분": "장로",
    "부서": "남전도회"
  },
  {
    "이름": "김나연",
    "지역": "서울",
    "직분": "권사",
    "부서": "여전도회"
  },
  {
    "이름": "김동민",
    "지역": "서울",
    "직분": "성도",
    "부서": "대학부"
  },
  {
    "이름": "김동현",
    "지역": "서울",
    "직분": "성도",
    "부서": "청년회"
  },
  {
    "이름": "김말녀",
    "지역": "서울",
    "직분": "권사",
    "부서": "여전도회"
  },
  {
    "이름": "김미경",
    "지역": "구미",
    "직분": "권사",
    "부서": "여전도회"
  },
  {
    "이름": "김미영",
    "지역": "구미",
    "직분": "권사",
    "부서": "여전도회"
  },
  {
    "이름": "김미정1",
    "지역": "서울",
    "직분": "장로",
    "부서": "여전도회"
  },
  {
    "이름": "김미정2",
    "지역": "구미",
    "직분": "권사",
    "부서": "여전도회"
  },
  {
    "이름": "김미희",
    "지역": "서울",
    "직분": "권사",
    "부서": "여전도회"
  },
  {
    "이름": "김민서2",
    "지역": "서울",
    "직분": "서리집사",
    "부서": "청년회"
  },
  {
    "이름": "김민서1",
    "지역": "구미",
    "직분": "성도",
    "부서": "대학부"
  },
  {
    "이름": "김민영",
    "지역": "구미",
    "직분": "성도",
    "부서": "청년회"
  },
  {
    "이름": "김봉미",
    "지역": "구미",
    "직분": "권사",
    "부서": "여전도회"
  },
  {
    "이름": "김산옥",
    "지역": "구미",
    "직분": "권사",
    "부서": "여전도회"
  },
  {
    "이름": "김상미",
    "지역": "구미",
    "직분": "서리집사",
    "부서": "여전도회"
  },
  {
    "이름": "김상현",
    "지역": "구미",
    "직분": "집사",
    "부서": "남전도회"
  },
  {
    "이름": "김선경",
    "지역": "구미",
    "직분": "권사",
    "부서": "여전도회"
  },
  {
    "이름": "김선아",
    "지역": "구미",
    "직분": "성도",
    "부서": "청년회"
  },
  {
    "이름": "김선옥",
    "지역": "구미",
    "직분": "장로",
    "부서": "여전도회"
  },
  {
    "이름": "김설",
    "지역": "서울",
    "직분": "성도",
    "부서": "유초등부"
  },
  {
    "이름": "김성미",
    "지역": "구미",
    "직분": "교역자",
    "부서": ""
  },
  {
    "이름": "김성은",
    "지역": "구미",
    "직분": "성도",
    "부서": "중고등부"
  },
  {
    "이름": "김세리",
    "지역": "구미",
    "직분": "서리집사",
    "부서": "여전도회"
  },
  {
    "이름": "김세종",
    "지역": "구미",
    "직분": "성도",
    "부서": "유치부"
  },
  {
    "이름": "김세현",
    "지역": "구미",
    "직분": "서리집사",
    "부서": "여전도회"
  },
  {
    "이름": "김소영",
    "지역": "구미",
    "직분": "성도",
    "부서": "중고등부"
  },
  {
    "이름": "김소원",
    "지역": "구미",
    "직분": "성도",
    "부서": "중고등부"
  },
  {
    "이름": "김소현",
    "지역": "구미",
    "직분": "성도",
    "부서": "중고등부"
  },
  {
    "이름": "김소혜",
    "지역": "구미",
    "직분": "성도",
    "부서": "유치부"
  },
  {
    "이름": "김송은",
    "지역": "구미",
    "직분": "성도",
    "부서": "청년회"
  },
  {
    "이름": "김수현",
    "지역": "구미",
    "직분": "장로",
    "부서": "여전도회"
  },
  {
    "이름": "김신우",
    "지역": "구미",
    "직분": "성도",
    "부서": "유초등부"
  },
  {
    "이름": "김여경",
    "지역": "구미",
    "직분": "성도",
    "부서": "중고등부"
  },
  {
    "이름": "김연희",
    "지역": "서울",
    "직분": "장로",
    "부서": "여전도회"
  },
  {
    "이름": "김옥주",
    "지역": "구미",
    "직분": "권사",
    "부서": "여전도회"
  },
  {
    "이름": "김우진",
    "지역": "서울",
    "직분": "성도",
    "부서": "대학부"
  },
  {
    "이름": "김원지",
    "지역": "구미",
    "직분": "장로",
    "부서": "여전도회"
  },
  {
    "이름": "김윤정2",
    "지역": "구미",
    "직분": "서리집사",
    "부서": "여전도회"
  },
  {
    "이름": "김윤후",
    "지역": "서울",
    "직분": "성도",
    "부서": "유초등부"
  },
  {
    "이름": "김윤희",
    "지역": "구미",
    "직분": "권사",
    "부서": "여전도회"
  },
  {
    "이름": "김율",
    "지역": "서울",
    "직분": "성도",
    "부서": "유초등부"
  },
  {
    "이름": "김은연",
    "지역": "구미",
    "직분": "권사",
    "부서": "여전도회"
  },
  {
    "이름": "김은주",
    "지역": "서울",
    "직분": "권사",
    "부서": "여전도회"
  },
  {
    "이름": "김은화",
    "지역": "구미",
    "직분": "권사",
    "부서": "여전도회"
  },
  {
    "이름": "김은희",
    "지역": "구미",
    "직분": "권사",
    "부서": "여전도회"
  },
  {
    "이름": "김이정",
    "지역": "구미",
    "직분": "서리집사",
    "부서": "여전도회"
  },
  {
    "이름": "김인애",
    "지역": "서울",
    "직분": "권사",
    "부서": "여전도회"
  },
  {
    "이름": "김인철",
    "지역": "구미",
    "직분": "교역자",
    "부서": ""
  },
  {
    "이름": "김재한",
    "지역": "구미",
    "직분": "성도",
    "부서": "청년회"
  },
  {
    "이름": "김정애",
    "지역": "구미",
    "직분": "권사",
    "부서": "여전도회"
  },
  {
    "이름": "김종우",
    "지역": "구미",
    "직분": "성도",
    "부서": "유초등부"
  },
  {
    "이름": "김종윤",
    "지역": "구미",
    "직분": "성도",
    "부서": "유초등부"
  },
  {
    "이름": "김종윤1",
    "지역": "구미",
    "직분": "서리집사",
    "부서": "남전도회"
  },
  {
    "이름": "김종헌",
    "지역": "구미",
    "직분": "성도",
    "부서": "태영아"
  },
  {
    "이름": "김주언",
    "지역": "구미",
    "직분": "성도",
    "부서": "청년회"
  },
  {
    "이름": "김주영",
    "지역": "구미",
    "직분": "성도",
    "부서": "청년회"
  },
  {
    "이름": "김주헌",
    "지역": "구미",
    "직분": "성도",
    "부서": "유초등부"
  },
  {
    "이름": "김중호",
    "지역": "구미",
    "직분": "집사",
    "부서": "남전도회"
  },
  {
    "이름": "김지민",
    "지역": "서울",
    "직분": "성도",
    "부서": "청년회"
  },
  {
    "이름": "김지언",
    "지역": "서울",
    "직분": "성도",
    "부서": "대학부"
  },
  {
    "이름": "김지영",
    "지역": "서울",
    "직분": "서리집사",
    "부서": "여전도회"
  },
  {
    "이름": "김지현",
    "지역": "서울",
    "직분": "성도",
    "부서": "청년회"
  },
  {
    "이름": "김진영",
    "지역": "서울",
    "직분": "권사",
    "부서": "여전도회"
  },
  {
    "이름": "김진태",
    "지역": "구미",
    "직분": "권사",
    "부서": "여전도회"
  },
  {
    "이름": "김진한",
    "지역": "서울",
    "직분": "집사",
    "부서": "남전도회"
  },
  {
    "이름": "김채현",
    "지역": "구미",
    "직분": "서리집사",
    "부서": "여전도회"
  },
  {
    "이름": "김태화",
    "지역": "구미",
    "직분": "권사",
    "부서": "여전도회"
  },
  {
    "이름": "김하영",
    "지역": "서울",
    "직분": "성도",
    "부서": "청년회"
  },
  {
    "이름": "김하영1",
    "지역": "구미",
    "직분": "성도",
    "부서": "청년회"
  },
  {
    "이름": "김한나",
    "지역": "구미",
    "직분": "권사",
    "부서": "여전도회"
  },
  {
    "이름": "김해정",
    "지역": "서울",
    "직분": "서리집사",
    "부서": "여전도회"
  },
  {
    "이름": "김현지",
    "지역": "구미",
    "직분": "교역자",
    "부서": ""
  },
  {
    "이름": "김형은",
    "지역": "서울",
    "직분": "성도",
    "부서": "대학부"
  },
  {
    "이름": "김혜선",
    "지역": "서울",
    "직분": "권사",
    "부서": "여전도회"
  },
  {
    "이름": "김후남",
    "지역": "구미",
    "직분": "권사",
    "부서": "여전도회"
  },
  {
    "이름": "김희영",
    "지역": "구미",
    "직분": "서리집사",
    "부서": "여전도회"
  },
  {
    "이름": "노동훈",
    "지역": "구미",
    "직분": "집사",
    "부서": "남전도회"
  },
  {
    "이름": "노임식",
    "지역": "구미",
    "직분": "장로",
    "부서": "남전도회"
  },
  {
    "이름": "노정민",
    "지역": "구미",
    "직분": "성도",
    "부서": "청년회"
  },
  {
    "이름": "노하은",
    "지역": "서울",
    "직분": "성도",
    "부서": "청년회"
  },
  {
    "이름": "니아",
    "지역": "해외",
    "직분": "성도",
    "부서": "유초등부"
  },
  {
    "이름": "문숙영",
    "지역": "구미",
    "직분": "서리집사",
    "부서": "여전도회"
  },
  {
    "이름": "박경용",
    "지역": "구미",
    "직분": "성도",
    "부서": "청년회"
  },
  {
    "이름": "박경희",
    "지역": "서울",
    "직분": "권사",
    "부서": "여전도회"
  },
  {
    "이름": "박말련",
    "지역": "구미",
    "직분": "권사",
    "부서": "여전도회"
  },
  {
    "이름": "박민주",
    "지역": "서울",
    "직분": "성도",
    "부서": "청년회"
  },
  {
    "이름": "박선화",
    "지역": "서울",
    "직분": "장로",
    "부서": "여전도회"
  },
  {
    "이름": "박성현",
    "지역": "서울",
    "직분": "성도",
    "부서": "청년회"
  },
  {
    "이름": "박수석",
    "지역": "구미",
    "직분": "서리집사",
    "부서": "남전도회"
  },
  {
    "이름": "박수진",
    "지역": "구미",
    "직분": "권사",
    "부서": "여전도회"
  },
  {
    "이름": "박순학",
    "지역": "구미",
    "직분": "장로",
    "부서": "남전도회"
  },
  {
    "이름": "박승민",
    "지역": "구미",
    "직분": "성도",
    "부서": "대학부"
  },
  {
    "이름": "박신복",
    "지역": "구미",
    "직분": "장로",
    "부서": "여전도회"
  },
  {
    "이름": "박연화",
    "지역": "구미",
    "직분": "권사",
    "부서": "여전도회"
  },
  {
    "이름": "박영교",
    "지역": "구미",
    "직분": "권사",
    "부서": "여전도회"
  },
  {
    "이름": "박예진",
    "지역": "구미",
    "직분": "성도",
    "부서": "대학부"
  },
  {
    "이름": "박우남",
    "지역": "서울",
    "직분": "장로",
    "부서": "여전도회"
  },
  {
    "이름": "박우정",
    "지역": "구미",
    "직분": "권찰",
    "부서": "여전도회"
  },
  {
    "이름": "박원혁",
    "지역": "서울",
    "직분": "성도",
    "부서": "대학부"
  },
  {
    "이름": "박유성",
    "지역": "구미",
    "직분": "성도",
    "부서": "청년회"
  },
  {
    "이름": "박은진",
    "지역": "서울",
    "직분": "권사",
    "부서": "여전도회"
  },
  {
    "이름": "박은희",
    "지역": "서울",
    "직분": "서리집사",
    "부서": "청년회"
  },
  {
    "이름": "박정숙",
    "지역": "서울",
    "직분": "권사",
    "부서": "여전도회"
  },
  {
    "이름": "박정아",
    "지역": "구미",
    "직분": "성도",
    "부서": "청년회"
  },
  {
    "이름": "박중묵",
    "지역": "서울",
    "직분": "장로",
    "부서": "남전도회"
  },
  {
    "이름": "박진철",
    "지역": "서울",
    "직분": "성도",
    "부서": "청년회"
  },
  {
    "이름": "박태근",
    "지역": "서울",
    "직분": "서리집사",
    "부서": "남전도회"
  },
  {
    "이름": "박현숙",
    "지역": "구미",
    "직분": "권사",
    "부서": "여전도회"
  },
  {
    "이름": "박현자",
    "지역": "서울",
    "직분": "장로",
    "부서": "여전도회"
  },
  {
    "이름": "박화숙",
    "지역": "구미",
    "직분": "권사",
    "부서": "여전도회"
  },
  {
    "이름": "방분임",
    "지역": "서울",
    "직분": "장로",
    "부서": "여전도회"
  },
  {
    "이름": "방성현",
    "지역": "서울",
    "직분": "서리집사",
    "부서": "남전도회"
  },
  {
    "이름": "배경선",
    "지역": "구미",
    "직분": "서리집사",
    "부서": "여전도회"
  },
  {
    "이름": "배영숙",
    "지역": "구미",
    "직분": "권사",
    "부서": "여전도회"
  },
  {
    "이름": "배한동",
    "지역": "구미",
    "직분": "서리집사",
    "부서": "남전도회"
  },
  {
    "이름": "백무현",
    "지역": "구미",
    "직분": "집사",
    "부서": "남전도회"
  },
  {
    "이름": "백요한",
    "지역": "구미",
    "직분": "성도",
    "부서": "중고등부"
  },
  {
    "이름": "백찬영",
    "지역": "구미",
    "직분": "장로",
    "부서": "남전도회"
  },
  {
    "이름": "백찬주",
    "지역": "구미",
    "직분": "장로",
    "부서": "남전도회"
  },
  {
    "이름": "복소리",
    "지역": "서울",
    "직분": "권찰",
    "부서": "여전도회"
  },
  {
    "이름": "복해연",
    "지역": "구미",
    "직분": "권사",
    "부서": "여전도회"
  },
  {
    "이름": "사공은영",
    "지역": "구미",
    "직분": "장로",
    "부서": "여전도회"
  },
  {
    "이름": "사공주성",
    "지역": "구미",
    "직분": "장로",
    "부서": "남전도회"
  },
  {
    "이름": "사공진",
    "지역": "구미",
    "직분": "성도",
    "부서": "청년회"
  },
  {
    "이름": "사공혜민",
    "지역": "구미",
    "직분": "서리집사",
    "부서": "여전도회"
  },
  {
    "이름": "서동규",
    "지역": "구미",
    "직분": "성도",
    "부서": "청년회"
  },
  {
    "이름": "서민경",
    "지역": "서울",
    "직분": "권사",
    "부서": "여전도회"
  },
  {
    "이름": "서애라",
    "지역": "구미",
    "직분": "권사",
    "부서": "여전도회"
  },
  {
    "이름": "서인숙",
    "지역": "구미",
    "직분": "장로",
    "부서": "여전도회"
  },
  {
    "이름": "서현주",
    "지역": "서울",
    "직분": "권사",
    "부서": "여전도회"
  },
  {
    "이름": "석광봉",
    "지역": "구미",
    "직분": "서리집사",
    "부서": "남전도회"
  },
  {
    "이름": "석지승",
    "지역": "구미",
    "직분": "성도",
    "부서": "유초등부"
  },
  {
    "이름": "성대일",
    "지역": "구미",
    "직분": "장로",
    "부서": "남전도회"
  },
  {
    "이름": "성서윤",
    "지역": "서울",
    "직분": "성도",
    "부서": "대학부"
  },
  {
    "이름": "성예원",
    "지역": "구미",
    "직분": "성도",
    "부서": "청년회"
  },
  {
    "이름": "성은경",
    "지역": "구미",
    "직분": "장로",
    "부서": "여전도회"
  },
  {
    "이름": "성재연",
    "지역": "서울",
    "직분": "권사",
    "부서": "여전도회"
  },
  {
    "이름": "성한별",
    "지역": "구미",
    "직분": "성도",
    "부서": "청년회"
  },
  {
    "이름": "손경주",
    "지역": "서울",
    "직분": "권사",
    "부서": "여전도회"
  },
  {
    "이름": "손경희",
    "지역": "구미",
    "직분": "장로",
    "부서": "여전도회"
  },
  {
    "이름": "손광욱",
    "지역": "서울",
    "직분": "성도",
    "부서": "남전도회"
  },
  {
    "이름": "손광철",
    "지역": "서울",
    "직분": "성도",
    "부서": "남전도회"
  },
  {
    "이름": "송석근",
    "지역": "서울",
    "직분": "서리집사",
    "부서": "남전도회"
  },
  {
    "이름": "송수경",
    "지역": "구미",
    "직분": "권사",
    "부서": "여전도회"
  },
  {
    "이름": "송수현",
    "지역": "서울",
    "직분": "권사",
    "부서": "여전도회"
  },
  {
    "이름": "송승철",
    "지역": "서울",
    "직분": "장로",
    "부서": "남전도회"
  },
  {
    "이름": "송예승",
    "지역": "서울",
    "직분": "성도",
    "부서": "유초등부"
  },
  {
    "이름": "송은석",
    "지역": "서울",
    "직분": "성도",
    "부서": "청년회"
  },
  {
    "이름": "송은지",
    "지역": "구미",
    "직분": "성도",
    "부서": "대학부"
  },
  {
    "이름": "송주영",
    "지역": "서울",
    "직분": "성도",
    "부서": "청년회"
  },
  {
    "이름": "송주헌",
    "지역": "서울",
    "직분": "성도",
    "부서": "청년회"
  },
  {
    "이름": "송지훈",
    "지역": "서울",
    "직분": "성도",
    "부서": "중고등부"
  },
  {
    "이름": "신경희",
    "지역": "구미",
    "직분": "장로",
    "부서": "여전도회"
  },
  {
    "이름": "신상열",
    "지역": "구미",
    "직분": "서리집사",
    "부서": "남전도회"
  },
  {
    "이름": "신소영",
    "지역": "구미",
    "직분": "서리집사",
    "부서": "여전도회"
  },
  {
    "이름": "신승민",
    "지역": "구미",
    "직분": "성도",
    "부서": "대학부"
  },
  {
    "이름": "신은희",
    "지역": "구미",
    "직분": "장로",
    "부서": "여전도회"
  },
  {
    "이름": "신정민",
    "지역": "구미",
    "직분": "성도",
    "부서": "대학부"
  },
  {
    "이름": "신정숙",
    "지역": "구미",
    "직분": "권사",
    "부서": "여전도회"
  },
  {
    "이름": "신준철",
    "지역": "서울",
    "직분": "성도",
    "부서": "청년회"
  },
  {
    "이름": "신지민",
    "지역": "구미",
    "직분": "성도",
    "부서": "대학부"
  },
  {
    "이름": "신지원",
    "지역": "구미",
    "직분": "성도",
    "부서": "대학부"
  },
  {
    "이름": "신태희",
    "지역": "서울",
    "직분": "권찰",
    "부서": "여전도회"
  },
  {
    "이름": "심노아",
    "지역": "구미",
    "직분": "성도",
    "부서": "대학부"
  },
  {
    "이름": "심명언",
    "지역": "구미",
    "직분": "성도",
    "부서": "유초등부"
  },
  {
    "이름": "심명진",
    "지역": "구미",
    "직분": "성도",
    "부서": "유초등부"
  },
  {
    "이름": "심성민",
    "지역": "서울",
    "직분": "성도",
    "부서": "유초등부"
  },
  {
    "이름": "심수아",
    "지역": "구미",
    "직분": "성도",
    "부서": "대학부"
  },
  {
    "이름": "심에스더",
    "지역": "구미",
    "직분": "성도",
    "부서": "중고등부"
  },
  {
    "이름": "심준호",
    "지역": "구미",
    "직분": "교역자",
    "부서": ""
  },
  {
    "이름": "심지민",
    "지역": "서울",
    "직분": "성도",
    "부서": "대학부"
  },
  {
    "이름": "심현상",
    "지역": "서울",
    "직분": "집사",
    "부서": "남전도회"
  },
  {
    "이름": "안미향",
    "지역": "구미",
    "직분": "권사",
    "부서": "여전도회"
  },
  {
    "이름": "양경미",
    "지역": "구미",
    "직분": "권사",
    "부서": "여전도회"
  },
  {
    "이름": "양기원",
    "지역": "구미",
    "직분": "장로",
    "부서": "여전도회"
  },
  {
    "이름": "양다희",
    "지역": "구미",
    "직분": "성도",
    "부서": "유초등부"
  },
  {
    "이름": "양세언",
    "지역": "구미",
    "직분": "성도",
    "부서": "대학부"
  },
  {
    "이름": "양세혁",
    "지역": "구미",
    "직분": "성도",
    "부서": "청년회"
  },
  {
    "이름": "양세희",
    "지역": "구미",
    "직분": "성도",
    "부서": "중고등부"
  },
  {
    "이름": "양시후",
    "지역": "구미",
    "직분": "성도",
    "부서": "중고등부"
  },
  {
    "이름": "양시헌",
    "지역": "구미",
    "직분": "성도",
    "부서": "유초등부"
  },
  {
    "이름": "양신철",
    "지역": "구미",
    "직분": "장로",
    "부서": "남전도회"
  },
  {
    "이름": "양칠식",
    "지역": "구미",
    "직분": "집사",
    "부서": "남전도회"
  },
  {
    "이름": "엄옥자",
    "지역": "구미",
    "직분": "장로",
    "부서": "여전도회"
  },
  {
    "이름": "엔젤라",
    "지역": "해외",
    "직분": "",
    "부서": ""
  },
  {
    "이름": "예종호",
    "지역": "구미",
    "직분": "집사",
    "부서": "남전도회"
  },
  {
    "이름": "오민섭",
    "지역": "구미",
    "직분": "성도",
    "부서": "청년회"
  },
  {
    "이름": "오복자",
    "지역": "구미",
    "직분": "권사",
    "부서": "여전도회"
  },
  {
    "이름": "오영미",
    "지역": "서울",
    "직분": "권사",
    "부서": "여전도회"
  },
  {
    "이름": "우기순",
    "지역": "구미",
    "직분": "장로",
    "부서": "여전도회"
  },
  {
    "이름": "우점화",
    "지역": "구미",
    "직분": "장로",
    "부서": "여전도회"
  },
  {
    "이름": "유지선",
    "지역": "서울",
    "직분": "서리집사",
    "부서": "여전도회"
  },
  {
    "이름": "유병영",
    "지역": "구미",
    "직분": "권사",
    "부서": "여전도회"
  },
  {
    "이름": "유상호",
    "지역": "서울",
    "직분": "성도",
    "부서": "청년회"
  },
  {
    "이름": "유숙현",
    "지역": "서울",
    "직분": "권사",
    "부서": "여전도회"
  },
  {
    "이름": "유혜영",
    "지역": "구미",
    "직분": "권사",
    "부서": "여전도회"
  },
  {
    "이름": "윤선경",
    "지역": "서울",
    "직분": "장로",
    "부서": "여전도회"
  },
  {
    "이름": "윤성하",
    "지역": "서울",
    "직분": "권사",
    "부서": "여전도회"
  },
  {
    "이름": "윤여상",
    "지역": "구미",
    "직분": "성도",
    "부서": "청년회"
  },
  {
    "이름": "이강빈",
    "지역": "구미",
    "직분": "성도",
    "부서": "청년회"
  },
  {
    "이름": "이건우",
    "지역": "구미",
    "직분": "서리집사",
    "부서": "남전도회"
  },
  {
    "이름": "이권서",
    "지역": "구미",
    "직분": "성도",
    "부서": "유초등부"
  },
  {
    "이름": "이규원",
    "지역": "서울",
    "직분": "성도",
    "부서": "유초등부"
  },
  {
    "이름": "이대훈",
    "지역": "구미",
    "직분": "집사",
    "부서": "남전도회"
  },
  {
    "이름": "이도울",
    "지역": "서울",
    "직분": "성도",
    "부서": "청년회"
  },
  {
    "이름": "이도윤",
    "지역": "서울",
    "직분": "성도",
    "부서": "중고등부"
  },
  {
    "이름": "이명국",
    "지역": "구미",
    "직분": "서리집사",
    "부서": "남전도회"
  },
  {
    "이름": "이명례",
    "지역": "구미",
    "직분": "장로",
    "부서": "여전도회"
  },
  {
    "이름": "이명숙",
    "지역": "서울",
    "직분": "권사",
    "부서": "여전도회"
  },
  {
    "이름": "이명호",
    "지역": "서울",
    "직분": "집사",
    "부서": "남전도회"
  },
  {
    "이름": "이문숙",
    "지역": "구미",
    "직분": "장로",
    "부서": "여전도회"
  },
  {
    "이름": "이미균",
    "지역": "구미",
    "직분": "장로",
    "부서": "여전도회"
  },
  {
    "이름": "이미순",
    "지역": "구미",
    "직분": "장로",
    "부서": "여전도회"
  },
  {
    "이름": "이병민",
    "지역": "구미",
    "직분": "성도",
    "부서": "청년회"
  },
  {
    "이름": "이병언",
    "지역": "서울",
    "직분": "성도",
    "부서": "청년회"
  },
  {
    "이름": "이보영",
    "지역": "구미",
    "직분": "권사",
    "부서": "여전도회"
  },
  {
    "이름": "이복순",
    "지역": "구미",
    "직분": "장로",
    "부서": "여전도회"
  },
  {
    "이름": "이상원",
    "지역": "서울",
    "직분": "서리집사",
    "부서": "남전도회"
  },
  {
    "이름": "이상헌",
    "지역": "서울",
    "직분": "교역자",
    "부서": ""
  },
  {
    "이름": "이서연",
    "지역": "구미",
    "직분": "성도",
    "부서": "청년회"
  },
  {
    "이름": "이서진",
    "지역": "구미",
    "직분": "성도",
    "부서": "대학부"
  },
  {
    "이름": "이성원",
    "지역": "서울",
    "직분": "장로",
    "부서": "남전도회"
  },
  {
    "이름": "이세언",
    "지역": "구미",
    "직분": "성도",
    "부서": "대학부"
  },
  {
    "이름": "이수빈",
    "지역": "구미",
    "직분": "서리집사",
    "부서": "남전도회"
  },
  {
    "이름": "이수연",
    "지역": "구미",
    "직분": "성도",
    "부서": "청년회"
  },
  {
    "이름": "이수정",
    "지역": "서울",
    "직분": "성도",
    "부서": "청년회"
  },
  {
    "이름": "이숙희",
    "지역": "서울",
    "직분": "권사",
    "부서": "여전도회"
  },
  {
    "이름": "이순덕",
    "지역": "서울",
    "직분": "권사",
    "부서": "여전도회"
  },
  {
    "이름": "이시원",
    "지역": "서울",
    "직분": "성도",
    "부서": "중고등부"
  },
  {
    "이름": "이소윤",
    "지역": "서울",
    "직분": "성도",
    "부서": "유초등부"
  },
  {
    "이름": "이시윤",
    "지역": "서울",
    "직분": "성도",
    "부서": "유초등부"
  },
  {
    "이름": "이영미",
    "지역": "구미",
    "직분": "권사",
    "부서": "여전도회"
  },
  {
    "이름": "이영희",
    "지역": "구미",
    "직분": "권사",
    "부서": "여전도회"
  },
  {
    "이름": "이예찬",
    "지역": "구미",
    "직분": "서리집사",
    "부서": "남전도회"
  },
  {
    "이름": "이윤주",
    "지역": "구미",
    "직분": "장로",
    "부서": "여전도회"
  },
  {
    "이름": "이정신",
    "지역": "구미",
    "직분": "권사",
    "부서": "여전도회"
  },
  {
    "이름": "이정길",
    "지역": "구미",
    "직분": "장로",
    "부서": "남전도회"
  },
  {
    "이름": "이정동",
    "지역": "구미",
    "직분": "서리집사",
    "부서": "남전도회"
  },
  {
    "이름": "이정은",
    "지역": "구미",
    "직분": "서리집사",
    "부서": "여전도회"
  },
  {
    "이름": "이정한",
    "지역": "구미",
    "직분": "성도",
    "부서": "유초등부"
  },
  {
    "이름": "이정혜",
    "지역": "서울",
    "직분": "권사",
    "부서": "여전도회"
  },
  {
    "이름": "이정화2",
    "지역": "서울",
    "직분": "권사",
    "부서": "여전도회"
  },
  {
    "이름": "이정화3",
    "지역": "구미",
    "직분": "권사",
    "부서": "여전도회"
  },
  {
    "이름": "이주영",
    "지역": "구미",
    "직분": "서리집사",
    "부서": "여전도회"
  },
  {
    "이름": "이주원2",
    "지역": "구미",
    "직분": "서리집사",
    "부서": "여전도회"
  },
  {
    "이름": "이지은1",
    "지역": "구미",
    "직분": "권사",
    "부서": "여전도회"
  },
  {
    "이름": "이지은2",
    "지역": "서울",
    "직분": "성도",
    "부서": "유초등부"
  },
  {
    "이름": "이진서",
    "지역": "구미",
    "직분": "성도",
    "부서": "유초등부"
  },
  {
    "이름": "이찬우",
    "지역": "구미",
    "직분": "성도",
    "부서": "청년회"
  },
  {
    "이름": "이찬희",
    "지역": "구미",
    "직분": "성도",
    "부서": "청년회"
  },
  {
    "이름": "이하랑",
    "지역": "구미",
    "직분": "성도",
    "부서": "유초등부"
  },
  {
    "이름": "이한이",
    "지역": "서울",
    "직분": "성도",
    "부서": "청년회"
  },
  {
    "이름": "이현미",
    "지역": "서울",
    "직분": "권사",
    "부서": "여전도회"
  },
  {
    "이름": "이현빈",
    "지역": "서울",
    "직분": "성도",
    "부서": "청년회"
  },
  {
    "이름": "이현숙",
    "지역": "서울",
    "직분": "장로",
    "부서": "여전도회"
  },
  {
    "이름": "이현옥",
    "지역": "서울",
    "직분": "장로",
    "부서": "여전도회"
  },
  {
    "이름": "이현정",
    "지역": "구미",
    "직분": "권사",
    "부서": "여전도회"
  },
  {
    "이름": "이혜련",
    "지역": "구미",
    "직분": "성도",
    "부서": "청년회"
  },
  {
    "이름": "이효린",
    "지역": "서울",
    "직분": "성도",
    "부서": "유초등부"
  },
  {
    "이름": "임기섭",
    "지역": "구미",
    "직분": "장로",
    "부서": "남전도회"
  },
  {
    "이름": "임다영",
    "지역": "구미",
    "직분": "성도",
    "부서": "청년회"
  },
  {
    "이름": "임선기",
    "지역": "서울",
    "직분": "장로",
    "부서": "남전도회"
  },
  {
    "이름": "임영이",
    "지역": "구미",
    "직분": "서리집사",
    "부서": "여전도회"
  },
  {
    "이름": "임재현",
    "지역": "서울",
    "직분": "서리집사",
    "부서": "남전도회"
  },
  {
    "이름": "임지현",
    "지역": "구미",
    "직분": "성도",
    "부서": "청년회"
  },
  {
    "이름": "장의진",
    "지역": "구미",
    "직분": "성도",
    "부서": "유초등부"
  },
  {
    "이름": "장재은",
    "지역": "구미",
    "직분": "권사",
    "부서": "여전도회"
  },
  {
    "이름": "장준영",
    "지역": "구미",
    "직분": "집사",
    "부서": "남전도회"
  },
  {
    "이름": "장희영",
    "지역": "서울",
    "직분": "권사",
    "부서": "여전도회"
  },
  {
    "이름": "전경임",
    "지역": "구미",
    "직분": "장로",
    "부서": "여전도회"
  },
  {
    "이름": "전근혜",
    "지역": "구미",
    "직분": "권사",
    "부서": "여전도회"
  },
  {
    "이름": "전미숙",
    "지역": "구미",
    "직분": "권사",
    "부서": "여전도회"
  },
  {
    "이름": "전상숙",
    "지역": "서울",
    "직분": "권사",
    "부서": "여전도회"
  },
  {
    "이름": "전수옥",
    "지역": "구미",
    "직분": "권사",
    "부서": "여전도회"
  },
  {
    "이름": "전지숙",
    "지역": "구미",
    "직분": "권사",
    "부서": "여전도회"
  },
  {
    "이름": "전희숙",
    "지역": "구미",
    "직분": "장로",
    "부서": "여전도회"
  },
  {
    "이름": "전희옥",
    "지역": "구미",
    "직분": "권사",
    "부서": "여전도회"
  },
  {
    "이름": "정광수",
    "지역": "구미",
    "직분": "장로",
    "부서": "남전도회"
  },
  {
    "이름": "정도진",
    "지역": "서울",
    "직분": "성도",
    "부서": "유초등부"
  },
  {
    "이름": "정동현",
    "지역": "서울",
    "직분": "성도",
    "부서": "청년회"
  },
  {
    "이름": "정명수",
    "지역": "서울",
    "직분": "장로",
    "부서": "남전도회"
  },
  {
    "이름": "정선애",
    "지역": "구미",
    "직분": "권사",
    "부서": "여전도회"
  },
  {
    "이름": "정수진",
    "지역": "구미",
    "직분": "서리집사",
    "부서": "여전도회"
  },
  {
    "이름": "정인철",
    "지역": "구미",
    "직분": "장로",
    "부서": "남전도회"
  },
  {
    "이름": "정지훈",
    "지역": "서울",
    "직분": "서리집사",
    "부서": "남전도회"
  },
  {
    "이름": "정태훈",
    "지역": "구미",
    "직분": "서리집사",
    "부서": "남전도회"
  },
  {
    "이름": "정하영",
    "지역": "구미",
    "직분": "성도",
    "부서": "청년회"
  },
  {
    "이름": "정혜은",
    "지역": "서울",
    "직분": "서리집사",
    "부서": "청년회"
  },
  {
    "이름": "정희숙",
    "지역": "서울",
    "직분": "장로",
    "부서": "여전도회"
  },
  {
    "이름": "조관희",
    "지역": "서울",
    "직분": "성도",
    "부서": "청년회"
  },
  {
    "이름": "조선미",
    "지역": "서울",
    "직분": "성도",
    "부서": "대학부"
  },
  {
    "이름": "조선화",
    "지역": "서울",
    "직분": "성도",
    "부서": "청년회"
  },
  {
    "이름": "조순정",
    "지역": "구미",
    "직분": "권사",
    "부서": "여전도회"
  },
  {
    "이름": "조종숙",
    "지역": "서울",
    "직분": "권사",
    "부서": "여전도회"
  },
  {
    "이름": "지가은",
    "지역": "구미",
    "직분": "성도",
    "부서": "청년회"
  },
  {
    "이름": "지가인",
    "지역": "구미",
    "직분": "성도",
    "부서": "청년회"
  },
  {
    "이름": "지혜란",
    "지역": "구미",
    "직분": "권사",
    "부서": "여전도회"
  },
  {
    "이름": "진가람",
    "지역": "구미",
    "직분": "성도",
    "부서": "대학부"
  },
  {
    "이름": "진창배",
    "지역": "구미",
    "직분": "안수집사",
    "부서": "남전도회"
  },
  {
    "이름": "최귀이",
    "지역": "구미",
    "직분": "장로",
    "부서": "여전도회"
  },
  {
    "이름": "최복남",
    "지역": "구미",
    "직분": "교역자",
    "부서": ""
  },
  {
    "이름": "최숙희",
    "지역": "구미",
    "직분": "권사",
    "부서": "여전도회"
  },
  {
    "이름": "최연주",
    "지역": "서울",
    "직분": "권사",
    "부서": "여전도회"
  },
  {
    "이름": "최영진",
    "지역": "구미",
    "직분": "서리집사",
    "부서": "남전도회"
  },
  {
    "이름": "최정숙",
    "지역": "구미",
    "직분": "장로",
    "부서": "여전도회"
  },
  {
    "이름": "최제식",
    "지역": "구미",
    "직분": "집사",
    "부서": "남전도회"
  },
  {
    "이름": "추영자",
    "지역": "서울",
    "직분": "권사",
    "부서": "여전도회"
  },
  {
    "이름": "카일",
    "지역": "해외",
    "직분": "성도",
    "부서": "유초등부"
  },
  {
    "이름": "하금수",
    "지역": "구미",
    "직분": "장로",
    "부서": "여전도회"
  },
  {
    "이름": "하원희",
    "지역": "구미",
    "직분": "권사",
    "부서": "여전도회"
  },
  {
    "이름": "한숙현",
    "지역": "서울",
    "직분": "권사",
    "부서": "여전도회"
  },
  {
    "이름": "허정숙",
    "지역": "구미",
    "직분": "장로",
    "부서": "여전도회"
  },
  {
    "이름": "현유진",
    "지역": "서울",
    "직분": "권사",
    "부서": "여전도회"
  },
  {
    "이름": "홍만표",
    "지역": "구미",
    "직분": "장로",
    "부서": "남전도회"
  },
  {
    "이름": "홍성민",
    "지역": "서울",
    "직분": "성도",
    "부서": "대학부"
  },
  {
    "이름": "홍성연",
    "지역": "서울",
    "직분": "성도",
    "부서": "대학부"
  },
  {
    "이름": "홍신애",
    "지역": "구미",
    "직분": "서리집사",
    "부서": "여전도회"
  },
  {
    "이름": "황금화",
    "지역": "서울",
    "직분": "권사",
    "부서": "여전도회"
  },
  {
    "이름": "황로아",
    "지역": "구미",
    "직분": "성도",
    "부서": "유초등부"
  },
  {
    "이름": "황선미",
    "지역": "구미",
    "직분": "권사",
    "부서": "여전도회"
  },
  {
    "이름": "황은영",
    "지역": "서울",
    "직분": "성도",
    "부서": "청년회"
  },
  {
    "이름": "황은채",
    "지역": "서울",
    "직분": "성도",
    "부서": "청년회"
  },
  {
    "이름": "Ann",
    "지역": "해외",
    "직분": "성도",
    "부서": "청년회"
  },
  {
    "이름": "Cherry",
    "지역": "해외",
    "직분": "서리집사",
    "부서": "여전도회"
  },
  {
    "이름": "Gemma",
    "지역": "해외",
    "직분": "성도",
    "부서": "청년회"
  }
]